<?xml version="1.0"?>
<!DOCTYPE target SYSTEM "gdb-target.dtd">
<target>
  <feature name="org.gnu.gdb.arm.core">
    <reg name="r0" bitsize="32" type="uint32"/>
    <reg name="r1" bitsize="32" type="uint32"/>
    <reg name="r2" bitsize="32" type="uint32"/>
    <reg name="r3" bitsize="32" type="uint32"/>
    <reg name="r4" bitsize="32" type="uint32"/>
    <reg name="r5" bitsize="32" type="uint32"/>
    <reg name="r6" bitsize="32" type="uint32"/>
    <reg name="r7" bitsize="32" type="uint32"/>
    <reg name="r8" bitsize="32" type="uint32"/>
    <reg name="r9" bitsize="32" type="uint32"/>
    <reg name="r10" bitsize="32" type="uint32"/>
    <reg name="r11" bitsize="32" type="uint32"/>
    <reg name="r12" bitsize="32" type="uint32"/>
    <reg name="sp" bitsize="32" type="data_ptr"/>
    <reg name="lr" bitsize="32"/>
    <reg name="pc" bitsize="32" type="code_ptr"/>
    <reg name="cpsr" bitsize="32" regnum="25"/>
  </feature>
  <feature name="org.gnu.gdb.arm.fpa">
    <reg name="f0" bitsize="96" type="arm_fpa_ext" regnum="16"/>
    <reg name="f1" bitsize="96" type="arm_fpa_ext"/>
    <reg name="f2" bitsize="96" type="arm_fpa_ext"/>
    <reg name="f3" bitsize="96" type="arm_fpa_ext"/>
    <reg name="f4" bitsize="96" type="arm_fpa_ext"/>
    <reg name="f5" bitsize="96" type="arm_fpa_ext"/>
    <reg name="f6" bitsize="96" type="arm_fpa_ext"/>
    <reg name="f7" bitsize="96" type="arm_fpa_ext"/>
    <reg name="fps" bitsize="32"/>
  </feature>
</target>